species,photo,rock#,rock.circumference
coei,6476,1,1.2
sagu,6460,1,2
sagu,6462,1,NA
sagu,6463,1,0.3
sagu,6464,1,NA
sagu,6469,1,NA
arte,6432,1,NA
arte,6435,1,NA
arte,6436,1,NA
arte,6437,1,NA
arte,6438,1,0.6
arte,6439,1,NA
arte,6440,1,NA
arte,6441,1,NA
arte,6442,1,NA
arte,6449,1,0.5
arte,6452,1,NA
arte,6453,1,0.6
arte,6454,1,NA
arte,6458,1,0.3
arte,6459,1,0.9
arte,6461,1,NA
arte,6465,1,0.8
arte,6467,1,0.4
arte,6468,1,1
arte,6477,1,1.2
coei,6433,1,NA
coei,6434,1,0.6
coei,6448,1,NA
coei,6450,1,NA
coei,6466,1,NA
coei,6494,1,1.1
coei,6495,1,1.3
coei,6496,1,0.4
coei,6497,1,0.4
coei,6499,1,NA
coei,6500,1,NA
coei,6501,1,1.4
coei,6503,1,1.3
coei,6504,1,2.1
rand,1126,1,9
rand,1121,1,3.5
rand,1116,1,4.5
rand,1111,1,NA
rand,1106,1,1.5
rand,1101,1,3.5
rand,1096,1,1.5
rand,1091,1,2.5
rand,1086,1,5
rand,1081,1,2.5
rand,1076,1,5.5
rand,1071,1,2.5
rand,1066,1,6
rand,1061,1,NA
rand,1056,1,1.5
rand,1050,1,3.5
rand,1045,1,6
rand,1040,1,5
rand,1035,1,5.5
rand,1030,1,6.5
rand,1025,1,3
rand,1020,1,3
rand,1015,1,NA
rand,1010,1,NA
rand,1004,1,3.5
rand,46-NST,1,2
rand,45-NST,1,4
rand,44-NST,1,1
rand,43-NST,1,NA
rand,42-NST,1,2
rand,41-NST,1,2.5
rand,40-NST,1,2.5
rand,39-NST,1,2
rand,38-NST,1,4
rand,37-NST,1,3
rand,36-NST,1,3
rand,35-NST,1,2
rand,34-NST,1,2.5
rand,33-NST,1,2.5
rand,32-NST,1,5
rand,31-NST,1,0.5
rand,30-NST,1,2.5
rand,29-NST,1,7.5
rand,28-NST,1,7.5
rand,27-NST,1,3
rand,26-NST,1,1
rand,20-NST,1,2
rand,19-NST,1,NA
rand,18-NST,1,NA
rand,17-NST,1,NA
rand,16-NST,1,4.5
rand,15-NST,1,NA
rand,14-NST,1,2.5
rand,13-NST,1,3
rand,12-NST,1,NA
rand,11-NST,1,1.5
rand,10-NST,1,4
rand,9-NST,1,4
rand,8-NST,1,NA
rand,7-NST,1,3.5
rand,6-NST,1,3.5
rand,5-NST,1,0.5
rand,4-NST,1,2
rand,3-NST,1,3
rand,2-NST,1,2
rand,1-NST,1,1.5
rand,P1210832,1,NA
rand,P1210827,1,NA
rand,P1210821,1,2
rand,P1210816,1,NA
rand,P1210811,1,NA
rand,P1210806,1,NA
rand,P1210801,1,NA
rand,P1210796,1,NA
rand,P1210790,1,2.5
rand,P1210785,1,8
rand,P1210773,1,4
rand,P1210763,1,2
rand,P1210758,1,3.5
rand,P1210753,1,NA
rand,P1210748,1,4
rand,P1210743,1,NA
rand,P1210735,1,1
rand,P1210729,1,NA
rand,P1210724,1,4
rand,P1210719,1,4.5
rand,P1210714,1,0.5
rand,P1210708,1,2
rand,P1210700,1,4.5
rand,P1210695,1,2.5
rand,P1210690,1,3
rand,P1210685,1,1
rand,P1210680,1,0.5
rand,P1210675,1,5
rand,P1210670,1,2.5
rand,P1210665,1,1
sagu,0716-NST,1,NA
sagu,0715-NST,1,12
sagu,0714-NST,1,NA
sagu,0713-NST,1,NA
sagu,0712-NST,1,NA
sagu,0711-NST,1,NA
sagu,0709-NST,1,NA
sagu,0708-NST,1,NA
sagu,0707-NST,1,4.5
sagu,0705-NST,1,NA
sagu,0703-NST,1,2.5
sagu,0704-NST,1,NA
sagu,0702-NST,1,NA
sagu,0701-NST,1,NA
sagu,0710-NST,1,NA
ltdu,0701-NST,1,1
ltdu,0713-NST,1,NA
ltdu,0708-NST,1,NA
ltdu,0707-NST,1,NA
ltdu,0702-NST,1,1
coei,07127-NST,1,4.5
coei,0774-NST,1,8
coei,0769-NST,1,2.5
coei,0768-NST,1,NA
coei,0763-NST,1,4
coei,07103-NST,1,2.5
coei,0713-NST,1,8.5
coei,07126-NST,1,NA
coei,07125-NST,1,5
coei,07124-NST,1,2
coei,07120-NST,1,5
coei,07119-NST,1,3.5
coei,0745-NST,1,4.5
coei,0750-NST,1,2
coei,0749-NST,1,5
coei,0738-NST,1,9
coei,0737-NST,1,5
coei,0735-NST,1,2.5
coei,0729-NST,1,NA
coei,0718-NST,1,NA
coei,005-NST,1,NA
coei,115-NST,1,2.5
arte,07279-NST,1,2
arte,07278-NST,1,NA
arte,07277-NST,1,NA
arte,07191-NST,1,5.5
arte,0758-NST,1,0.5
arte,0752-NST,1,1.5
arte,07276-NST,1,NA
arte,07275-NST,1,2.5
arte,07258-NST,1,NA
arte,07257-NST,1,0.5
arte,07243-NST,1,7
arte,07242-NST,1,NA
arte,07226-NST,1,NA
arte,07224-NST,1,2
arte,07222-NST,1,NA
arte,07219-NST,1,NA
arte,07273-NST,1,NA
arte,07272-NST,1,NA
arte,07271-NST,1,1
arte,07210-NST,1,NA
arte,07183-NST,1,NA
arte,07182-NST,1,NA
arte,07180-NST,1,2
arte,07178-NST,1,3.5
arte,07171-NST,1,NA
arte,07158-NST,1,NA
arte,07156-NST,1,2
arte,07154-NST,1,NA
arte,07152-NST,1,NA
arte,07148-NST,1,4
arte,07133-NST,1,NA
arte,07131-NST,1,6
arte,07129-NST,1,0.5
arte,0757-NST,1,5
arte,0755-NST,1,NA
arte,0718-NST,1,NA
arte,0712-NST,1,NA
arte,0709-NST,1,NA
arte,07261-NST,1,NA
arte,07201-NST,1,NA
arte,07161-NST,1,0.5
arte,07159-NST,1,NA
arte,07157-NST,1,0.5
arte,07144-NST,1,NA
arte,07139-NST,1,NA
arte,0730-NST,1,NA
pusa,pusa0701,1,1.5
ltdu,ltdu0712,1,0.5
coei,coei07999,1,3
coei,coei07998,1,4.5
coei,coei07997,1,9
coei,coei0794,1,3
coei,coei0790,1,2.5
coei,coei0702,1,3
arte,arte07998,1,2.5
arte,arte07997,1,NA
coei,6476,2,2
sagu,6460,2,0.5
sagu,6462,2,NA
sagu,6463,2,0.5
sagu,6464,2,NA
sagu,6469,2,NA
arte,6432,2,NA
arte,6435,2,NA
arte,6436,2,NA
arte,6437,2,NA
arte,6438,2,0.4
arte,6439,2,NA
arte,6440,2,NA
arte,6441,2,NA
arte,6442,2,NA
arte,6449,2,1.1
arte,6452,2,NA
arte,6453,2,0.4
arte,6454,2,NA
arte,6458,2,0.7
arte,6459,2,0.5
arte,6461,2,NA
arte,6465,2,0.4
arte,6467,2,0.6
arte,6468,2,1.3
arte,6477,2,1.2
coei,6433,2,NA
coei,6434,2,0.8
coei,6448,2,NA
coei,6450,2,NA
coei,6466,2,NA
coei,6494,2,0.4
coei,6495,2,1
coei,6496,2,0.9
coei,6497,2,1
coei,6499,2,NA
coei,6500,2,NA
coei,6501,2,0.9
coei,6503,2,0.5
coei,6504,2,1.8
rand,1126,2,3
rand,1121,2,1
rand,1116,2,2.5
rand,1111,2,NA
rand,1106,2,0.5
rand,1101,2,6
rand,1096,2,2
rand,1091,2,5
rand,1086,2,3.5
rand,1081,2,1.5
rand,1076,2,5
rand,1071,2,3
rand,1066,2,1.5
rand,1061,2,NA
rand,1056,2,1
rand,1050,2,3
rand,1045,2,2.5
rand,1040,2,1.5
rand,1035,2,6
rand,1030,2,4
rand,1025,2,3
rand,1020,2,1.5
rand,1015,2,NA
rand,1010,2,NA
rand,1004,2,2.5
rand,46-NST,2,1.5
rand,45-NST,2,5.5
rand,44-NST,2,0.5
rand,43-NST,2,NA
rand,42-NST,2,3
rand,41-NST,2,0.5
rand,40-NST,2,5
rand,39-NST,2,1.5
rand,38-NST,2,3
rand,37-NST,2,3
rand,36-NST,2,5
rand,35-NST,2,3.5
rand,34-NST,2,5
rand,33-NST,2,1
rand,32-NST,2,2.5
rand,31-NST,2,2
rand,30-NST,2,1.5
rand,29-NST,2,3
rand,28-NST,2,5
rand,27-NST,2,2
rand,26-NST,2,1.5
rand,20-NST,2,5
rand,19-NST,2,NA
rand,18-NST,2,NA
rand,17-NST,2,NA
rand,16-NST,2,4
rand,15-NST,2,NA
rand,14-NST,2,2
rand,13-NST,2,2.5
rand,12-NST,2,NA
rand,11-NST,2,5
rand,10-NST,2,3.5
rand,9-NST,2,4.5
rand,8-NST,2,NA
rand,7-NST,2,5
rand,6-NST,2,1.5
rand,5-NST,2,1
rand,4-NST,2,4.5
rand,3-NST,2,2
rand,2-NST,2,4.5
rand,1-NST,2,3.5
rand,P1210832,2,NA
rand,P1210827,2,NA
rand,P1210821,2,3
rand,P1210816,2,NA
rand,P1210811,2,NA
rand,P1210806,2,NA
rand,P1210801,2,NA
rand,P1210796,2,NA
rand,P1210790,2,5
rand,P1210785,2,3
rand,P1210773,2,6
rand,P1210763,2,1
rand,P1210758,2,2.5
rand,P1210753,2,NA
rand,P1210748,2,3
rand,P1210743,2,NA
rand,P1210735,2,0.5
rand,P1210729,2,NA
rand,P1210724,2,0.5
rand,P1210719,2,3.5
rand,P1210714,2,1
rand,P1210708,2,1.5
rand,P1210700,2,4.5
rand,P1210695,2,1.5
rand,P1210690,2,1.5
rand,P1210685,2,1.5
rand,P1210680,2,1.5
rand,P1210675,2,7.5
rand,P1210670,2,0.5
rand,P1210665,2,3.5
sagu,0716-NST,2,NA
sagu,0715-NST,2,10
sagu,0714-NST,2,NA
sagu,0713-NST,2,NA
sagu,0712-NST,2,NA
sagu,0711-NST,2,NA
sagu,0709-NST,2,NA
sagu,0708-NST,2,NA
sagu,0707-NST,2,5
sagu,0705-NST,2,NA
sagu,0703-NST,2,2.5
sagu,0704-NST,2,NA
sagu,0702-NST,2,NA
sagu,0701-NST,2,NA
sagu,0710-NST,2,NA
ltdu,0701-NST,2,4
ltdu,0713-NST,2,NA
ltdu,0708-NST,2,NA
ltdu,0707-NST,2,NA
ltdu,0702-NST,2,0.5
coei,07127-NST,2,5
coei,0774-NST,2,4.5
coei,0769-NST,2,3
coei,0768-NST,2,NA
coei,0763-NST,2,2.5
coei,07103-NST,2,6
coei,0713-NST,2,7.5
coei,07126-NST,2,NA
coei,07125-NST,2,4
coei,07124-NST,2,2.5
coei,07120-NST,2,5
coei,07119-NST,2,2.5
coei,0745-NST,2,5.5
coei,0750-NST,2,2.5
coei,0749-NST,2,4.5
coei,0738-NST,2,4.5
coei,0737-NST,2,5
coei,0735-NST,2,2
coei,0729-NST,2,NA
coei,0718-NST,2,NA
coei,005-NST,2,NA
coei,115-NST,2,3
arte,07279-NST,2,1.5
arte,07278-NST,2,NA
arte,07277-NST,2,NA
arte,07191-NST,2,4
arte,0758-NST,2,4
arte,0752-NST,2,0.5
arte,07276-NST,2,NA
arte,07275-NST,2,0.5
arte,07258-NST,2,NA
arte,07257-NST,2,3
arte,07243-NST,2,3
arte,07242-NST,2,NA
arte,07226-NST,2,NA
arte,07224-NST,2,2
arte,07222-NST,2,NA
arte,07219-NST,2,NA
arte,07273-NST,2,NA
arte,07272-NST,2,NA
arte,07271-NST,2,4
arte,07210-NST,2,NA
arte,07183-NST,2,NA
arte,07182-NST,2,NA
arte,07180-NST,2,3
arte,07178-NST,2,3.5
arte,07171-NST,2,NA
arte,07158-NST,2,NA
arte,07156-NST,2,4
arte,07154-NST,2,NA
arte,07152-NST,2,NA
arte,07148-NST,2,5
arte,07133-NST,2,NA
arte,07131-NST,2,7.5
arte,07129-NST,2,1
arte,0757-NST,2,5
arte,0755-NST,2,NA
arte,0718-NST,2,NA
arte,0712-NST,2,NA
arte,0709-NST,2,NA
arte,07261-NST,2,NA
arte,07201-NST,2,NA
arte,07161-NST,2,0.5
arte,07159-NST,2,NA
arte,07157-NST,2,0.5
arte,07144-NST,2,NA
arte,07139-NST,2,NA
arte,0730-NST,2,NA
pusa,pusa0701,2,2
ltdu,ltdu0712,2,2.5
coei,coei07999,2,2
coei,coei07998,2,1
coei,coei07997,2,2
coei,coei0794,2,2
coei,coei0790,2,2
coei,coei0702,2,5
arte,arte07998,2,3.5
arte,arte07997,2,NA
coei,6476,3,0.4
sagu,6460,3,0.8
sagu,6462,3,NA
sagu,6463,3,0.5
sagu,6464,3,NA
sagu,6469,3,NA
arte,6432,3,NA
arte,6435,3,NA
arte,6436,3,NA
arte,6437,3,NA
arte,6438,3,0.6
arte,6439,3,NA
arte,6440,3,NA
arte,6441,3,NA
arte,6442,3,NA
arte,6449,3,0.4
arte,6452,3,NA
arte,6453,3,0.3
arte,6454,3,NA
arte,6458,3,0.5
arte,6459,3,0.3
arte,6461,3,NA
arte,6465,3,3
arte,6467,3,1.2
arte,6468,3,1
arte,6477,3,0.9
coei,6433,3,NA
coei,6434,3,1
coei,6448,3,NA
coei,6450,3,NA
coei,6466,3,NA
coei,6494,3,0.7
coei,6495,3,0.6
coei,6496,3,0.6
coei,6497,3,0.3
coei,6499,3,NA
coei,6500,3,NA
coei,6501,3,0.9
coei,6503,3,1.2
coei,6504,3,1
rand,1126,3,7
rand,1121,3,3.5
rand,1116,3,5.5
rand,1111,3,NA
rand,1106,3,0.5
rand,1101,3,2.5
rand,1096,3,3
rand,1091,3,11
rand,1086,3,2
rand,1081,3,5
rand,1076,3,4
rand,1071,3,4.5
rand,1066,3,2
rand,1061,3,NA
rand,1056,3,3.5
rand,1050,3,4
rand,1045,3,1
rand,1040,3,3
rand,1035,3,1.5
rand,1030,3,7
rand,1025,3,2.5
rand,1020,3,3
rand,1015,3,NA
rand,1010,3,NA
rand,1004,3,2
rand,46-NST,3,2.5
rand,45-NST,3,3
rand,44-NST,3,1.5
rand,43-NST,3,NA
rand,42-NST,3,3.5
rand,41-NST,3,1
rand,40-NST,3,2
rand,39-NST,3,3
rand,38-NST,3,1
rand,37-NST,3,5
rand,36-NST,3,1.5
rand,35-NST,3,1
rand,34-NST,3,4
rand,33-NST,3,4
rand,32-NST,3,2
rand,31-NST,3,1
rand,30-NST,3,2
rand,29-NST,3,5
rand,28-NST,3,8
rand,27-NST,3,3.5
rand,26-NST,3,3
rand,20-NST,3,4
rand,19-NST,3,NA
rand,18-NST,3,NA
rand,17-NST,3,NA
rand,16-NST,3,5
rand,15-NST,3,NA
rand,14-NST,3,1
rand,13-NST,3,7
rand,12-NST,3,NA
rand,11-NST,3,8
rand,10-NST,3,3
rand,9-NST,3,3
rand,8-NST,3,NA
rand,7-NST,3,2.5
rand,6-NST,3,3
rand,5-NST,3,0.5
rand,4-NST,3,3
rand,3-NST,3,5
rand,2-NST,3,6.5
rand,1-NST,3,2
rand,P1210832,3,NA
rand,P1210827,3,NA
rand,P1210821,3,2
rand,P1210816,3,NA
rand,P1210811,3,NA
rand,P1210806,3,NA
rand,P1210801,3,NA
rand,P1210796,3,NA
rand,P1210790,3,2
rand,P1210785,3,5.5
rand,P1210773,3,5.5
rand,P1210763,3,4.5
rand,P1210758,3,2
rand,P1210753,3,NA
rand,P1210748,3,0.5
rand,P1210743,3,NA
rand,P1210735,3,2.5
rand,P1210729,3,NA
rand,P1210724,3,0.5
rand,P1210719,3,3.5
rand,P1210714,3,0.5
rand,P1210708,3,4.5
rand,P1210700,3,4
rand,P1210695,3,4.5
rand,P1210690,3,2.5
rand,P1210685,3,0.5
rand,P1210680,3,4
rand,P1210675,3,2.5
rand,P1210670,3,4
rand,P1210665,3,5.5
sagu,0716-NST,3,NA
sagu,0715-NST,3,1
sagu,0714-NST,3,NA
sagu,0713-NST,3,NA
sagu,0712-NST,3,NA
sagu,0711-NST,3,NA
sagu,0709-NST,3,NA
sagu,0708-NST,3,NA
sagu,0707-NST,3,3
sagu,0705-NST,3,NA
sagu,0703-NST,3,3.5
sagu,0704-NST,3,NA
sagu,0702-NST,3,NA
sagu,0701-NST,3,NA
sagu,0710-NST,3,NA
ltdu,0701-NST,3,NA
ltdu,0713-NST,3,NA
ltdu,0708-NST,3,NA
ltdu,0707-NST,3,NA
ltdu,0702-NST,3,4.5
coei,07127-NST,3,6.5
coei,0774-NST,3,8.5
coei,0769-NST,3,1.5
coei,0768-NST,3,NA
coei,0763-NST,3,2.5
coei,07103-NST,3,8
coei,0713-NST,3,3.5
coei,07126-NST,3,NA
coei,07125-NST,3,1
coei,07124-NST,3,1
coei,07120-NST,3,5.5
coei,07119-NST,3,5.5
coei,0745-NST,3,4.5
coei,0750-NST,3,8.5
coei,0749-NST,3,3.5
coei,0738-NST,3,7
coei,0737-NST,3,1
coei,0735-NST,3,1.5
coei,0729-NST,3,NA
coei,0718-NST,3,NA
coei,005-NST,3,NA
coei,115-NST,3,1
arte,07279-NST,3,3.5
arte,07278-NST,3,NA
arte,07277-NST,3,NA
arte,07191-NST,3,5
arte,0758-NST,3,3.5
arte,0752-NST,3,5
arte,07276-NST,3,NA
arte,07275-NST,3,0.5
arte,07258-NST,3,NA
arte,07257-NST,3,1.5
arte,07243-NST,3,1
arte,07242-NST,3,NA
arte,07226-NST,3,NA
arte,07224-NST,3,2
arte,07222-NST,3,NA
arte,07219-NST,3,NA
arte,07273-NST,3,NA
arte,07272-NST,3,NA
arte,07271-NST,3,2.5
arte,07210-NST,3,NA
arte,07183-NST,3,NA
arte,07182-NST,3,NA
arte,07180-NST,3,4
arte,07178-NST,3,0.5
arte,07171-NST,3,NA
arte,07158-NST,3,NA
arte,07156-NST,3,1.5
arte,07154-NST,3,NA
arte,07152-NST,3,NA
arte,07148-NST,3,2
arte,07133-NST,3,NA
arte,07131-NST,3,4.5
arte,07129-NST,3,2
arte,0757-NST,3,3
arte,0755-NST,3,NA
arte,0718-NST,3,NA
arte,0712-NST,3,NA
arte,0709-NST,3,NA
arte,07261-NST,3,NA
arte,07201-NST,3,NA
arte,07161-NST,3,1
arte,07159-NST,3,NA
arte,07157-NST,3,0.5
arte,07144-NST,3,NA
arte,07139-NST,3,NA
arte,0730-NST,3,NA
pusa,pusa0701,3,3.5
ltdu,ltdu0712,3,5.5
coei,coei07999,3,2.5
coei,coei07998,3,2.5
coei,coei07997,3,6
coei,coei0794,3,2
coei,coei0790,3,3
coei,coei0702,3,2
arte,arte07998,3,5
arte,arte07997,3,NA
coei,6476,4,1.7
sagu,6460,4,1.5
sagu,6462,4,NA
sagu,6463,4,0.9
sagu,6464,4,NA
sagu,6469,4,NA
arte,6432,4,NA
arte,6435,4,NA
arte,6436,4,NA
arte,6437,4,NA
arte,6438,4,0.4
arte,6439,4,NA
arte,6440,4,NA
arte,6441,4,NA
arte,6442,4,NA
arte,6449,4,1.6
arte,6452,4,NA
arte,6453,4,0.8
arte,6454,4,NA
arte,6458,4,0.8
arte,6459,4,1
arte,6461,4,NA
arte,6465,4,2.3
arte,6467,4,0.4
arte,6468,4,0.8
arte,6477,4,0.7
coei,6433,4,NA
coei,6434,4,0.4
coei,6448,4,NA
coei,6450,4,NA
coei,6466,4,NA
coei,6494,4,0.8
coei,6495,4,0.7
coei,6496,4,0.7
coei,6497,4,0.6
coei,6499,4,NA
coei,6500,4,NA
coei,6501,4,1
coei,6503,4,1.9
coei,6504,4,0.5
rand,1126,4,5.5
rand,1121,4,0.5
rand,1116,4,3
rand,1111,4,NA
rand,1106,4,1
rand,1101,4,2
rand,1096,4,3
rand,1091,4,1
rand,1086,4,6
rand,1081,4,2.5
rand,1076,4,2.5
rand,1071,4,5.5
rand,1066,4,2.5
rand,1061,4,NA
rand,1056,4,0.5
rand,1050,4,6.5
rand,1045,4,2.5
rand,1040,4,5
rand,1035,4,8
rand,1030,4,6
rand,1025,4,2
rand,1020,4,4
rand,1015,4,NA
rand,1010,4,NA
rand,1004,4,2.5
rand,46-NST,4,1
rand,45-NST,4,2.5
rand,44-NST,4,5
rand,43-NST,4,NA
rand,42-NST,4,1
rand,41-NST,4,2
rand,40-NST,4,5
rand,39-NST,4,2.5
rand,38-NST,4,4.5
rand,37-NST,4,3.5
rand,36-NST,4,2
rand,35-NST,4,3
rand,34-NST,4,2
rand,33-NST,4,1.5
rand,32-NST,4,4.5
rand,31-NST,4,1
rand,30-NST,4,3.5
rand,29-NST,4,1.5
rand,28-NST,4,5.5
rand,27-NST,4,2
rand,26-NST,4,2.5
rand,20-NST,4,6.5
rand,19-NST,4,NA
rand,18-NST,4,NA
rand,17-NST,4,NA
rand,16-NST,4,3.5
rand,15-NST,4,NA
rand,14-NST,4,2.5
rand,13-NST,4,4
rand,12-NST,4,NA
rand,11-NST,4,2.5
rand,10-NST,4,1
rand,9-NST,4,2
rand,8-NST,4,NA
rand,7-NST,4,1
rand,6-NST,4,2.5
rand,5-NST,4,2
rand,4-NST,4,3
rand,3-NST,4,2.5
rand,2-NST,4,2
rand,1-NST,4,1.5
rand,P1210832,4,NA
rand,P1210827,4,NA
rand,P1210821,4,1.5
rand,P1210816,4,NA
rand,P1210811,4,NA
rand,P1210806,4,NA
rand,P1210801,4,NA
rand,P1210796,4,NA
rand,P1210790,4,4.5
rand,P1210785,4,5
rand,P1210773,4,2.5
rand,P1210763,4,2.5
rand,P1210758,4,4
rand,P1210753,4,NA
rand,P1210748,4,2.5
rand,P1210743,4,NA
rand,P1210735,4,1.5
rand,P1210729,4,NA
rand,P1210724,4,1
rand,P1210719,4,3
rand,P1210714,4,2
rand,P1210708,4,3
rand,P1210700,4,2
rand,P1210695,4,2
rand,P1210690,4,1
rand,P1210685,4,2
rand,P1210680,4,3
rand,P1210675,4,4.5
rand,P1210670,4,2.5
rand,P1210665,4,1.5
sagu,0716-NST,4,NA
sagu,0715-NST,4,1
sagu,0714-NST,4,NA
sagu,0713-NST,4,NA
sagu,0712-NST,4,NA
sagu,0711-NST,4,NA
sagu,0709-NST,4,NA
sagu,0708-NST,4,NA
sagu,0707-NST,4,4
sagu,0705-NST,4,NA
sagu,0703-NST,4,0.5
sagu,0704-NST,4,NA
sagu,0702-NST,4,NA
sagu,0701-NST,4,NA
sagu,0710-NST,4,NA
ltdu,0701-NST,4,1.5
ltdu,0713-NST,4,NA
ltdu,0708-NST,4,NA
ltdu,0707-NST,4,NA
ltdu,0702-NST,4,6.5
coei,07127-NST,4,4.5
coei,0774-NST,4,3.5
coei,0769-NST,4,2.5
coei,0768-NST,4,NA
coei,0763-NST,4,3
coei,07103-NST,4,5
coei,0713-NST,4,2.5
coei,07126-NST,4,NA
coei,07125-NST,4,4.5
coei,07124-NST,4,4.5
coei,07120-NST,4,4.5
coei,07119-NST,4,4
coei,0745-NST,4,5.5
coei,0750-NST,4,3.5
coei,0749-NST,4,4.5
coei,0738-NST,4,7.5
coei,0737-NST,4,0.5
coei,0735-NST,4,1
coei,0729-NST,4,NA
coei,0718-NST,4,NA
coei,005-NST,4,NA
coei,115-NST,4,1
arte,07279-NST,4,4
arte,07278-NST,4,NA
arte,07277-NST,4,NA
arte,07191-NST,4,2
arte,0758-NST,4,1.5
arte,0752-NST,4,2
arte,07276-NST,4,NA
arte,07275-NST,4,0.5
arte,07258-NST,4,NA
arte,07257-NST,4,1
arte,07243-NST,4,5
arte,07242-NST,4,NA
arte,07226-NST,4,NA
arte,07224-NST,4,2.5
arte,07222-NST,4,NA
arte,07219-NST,4,NA
arte,07273-NST,4,NA
arte,07272-NST,4,NA
arte,07271-NST,4,1
arte,07210-NST,4,NA
arte,07183-NST,4,NA
arte,07182-NST,4,NA
arte,07180-NST,4,1
arte,07178-NST,4,0.5
arte,07171-NST,4,NA
arte,07158-NST,4,NA
arte,07156-NST,4,1
arte,07154-NST,4,NA
arte,07152-NST,4,NA
arte,07148-NST,4,2.5
arte,07133-NST,4,NA
arte,07131-NST,4,5
arte,07129-NST,4,5
arte,0757-NST,4,7
arte,0755-NST,4,NA
arte,0718-NST,4,NA
arte,0712-NST,4,NA
arte,0709-NST,4,NA
arte,07261-NST,4,NA
arte,07201-NST,4,NA
arte,07161-NST,4,1.5
arte,07159-NST,4,NA
arte,07157-NST,4,0.5
arte,07144-NST,4,NA
arte,07139-NST,4,NA
arte,0730-NST,4,NA
pusa,pusa0701,4,2
ltdu,ltdu0712,4,2.5
coei,coei07999,4,0.5
coei,coei07998,4,5
coei,coei07997,4,5.5
coei,coei0794,4,1
coei,coei0790,4,5
coei,coei0702,4,4
arte,arte07998,4,2
arte,arte07997,4,NA
coei,6476,5,0.3
sagu,6460,5,1.8
sagu,6462,5,NA
sagu,6463,5,0.6
sagu,6464,5,NA
sagu,6469,5,NA
arte,6432,5,NA
arte,6435,5,NA
arte,6436,5,NA
arte,6437,5,NA
arte,6438,5,1.5
arte,6439,5,NA
arte,6440,5,NA
arte,6441,5,NA
arte,6442,5,NA
arte,6449,5,1.9
arte,6452,5,NA
arte,6453,5,0.5
arte,6454,5,NA
arte,6458,5,0.4
arte,6459,5,1.3
arte,6461,5,NA
arte,6465,5,0.5
arte,6467,5,0.5
arte,6468,5,0.7
arte,6477,5,0.7
coei,6433,5,NA
coei,6434,5,0.9
coei,6448,5,NA
coei,6450,5,NA
coei,6466,5,NA
coei,6494,5,0.3
coei,6495,5,0.8
coei,6496,5,1.1
coei,6497,5,0.7
coei,6499,5,NA
coei,6500,5,NA
coei,6501,5,0.8
coei,6503,5,1
coei,6504,5,1.6
rand,1126,5,5
rand,1121,5,1
rand,1116,5,2
rand,1111,5,NA
rand,1106,5,1
rand,1101,5,8.5
rand,1096,5,3
rand,1091,5,1.5
rand,1086,5,4.5
rand,1081,5,3.5
rand,1076,5,2.5
rand,1071,5,2.5
rand,1066,5,1
rand,1061,5,NA
rand,1056,5,4
rand,1050,5,4
rand,1045,5,2
rand,1040,5,1
rand,1035,5,2
rand,1030,5,5.5
rand,1025,5,4
rand,1020,5,2.5
rand,1015,5,NA
rand,1010,5,NA
rand,1004,5,1.5
rand,46-NST,5,3
rand,45-NST,5,4
rand,44-NST,5,1
rand,43-NST,5,NA
rand,42-NST,5,2.5
rand,41-NST,5,3
rand,40-NST,5,1
rand,39-NST,5,2
rand,38-NST,5,2.5
rand,37-NST,5,2
rand,36-NST,5,2.5
rand,35-NST,5,4
rand,34-NST,5,2.5
rand,33-NST,5,2.5
rand,32-NST,5,3
rand,31-NST,5,3
rand,30-NST,5,4.5
rand,29-NST,5,4
rand,28-NST,5,2.5
rand,27-NST,5,5
rand,26-NST,5,3
rand,20-NST,5,1.5
rand,19-NST,5,NA
rand,18-NST,5,NA
rand,17-NST,5,NA
rand,16-NST,5,2.5
rand,15-NST,5,NA
rand,14-NST,5,3.5
rand,13-NST,5,1
rand,12-NST,5,NA
rand,11-NST,5,4.5
rand,10-NST,5,2.5
rand,9-NST,5,1.5
rand,8-NST,5,NA
rand,7-NST,5,3
rand,6-NST,5,1
rand,5-NST,5,1.5
rand,4-NST,5,4
rand,3-NST,5,3
rand,2-NST,5,1
rand,1-NST,5,5
rand,P1210832,5,NA
rand,P1210827,5,NA
rand,P1210821,5,1.5
rand,P1210816,5,NA
rand,P1210811,5,NA
rand,P1210806,5,NA
rand,P1210801,5,NA
rand,P1210796,5,NA
rand,P1210790,5,6.5
rand,P1210785,5,4
rand,P1210773,5,5
rand,P1210763,5,4
rand,P1210758,5,2.5
rand,P1210753,5,NA
rand,P1210748,5,3.5
rand,P1210743,5,NA
rand,P1210735,5,3.5
rand,P1210729,5,NA
rand,P1210724,5,2
rand,P1210719,5,4.5
rand,P1210714,5,2.5
rand,P1210708,5,1
rand,P1210700,5,3.5
rand,P1210695,5,1
rand,P1210690,5,0.5
rand,P1210685,5,1.5
rand,P1210680,5,2.5
rand,P1210675,5,4
rand,P1210670,5,3.5
rand,P1210665,5,0.5
sagu,0716-NST,5,NA
sagu,0715-NST,5,1
sagu,0714-NST,5,NA
sagu,0713-NST,5,NA
sagu,0712-NST,5,NA
sagu,0711-NST,5,NA
sagu,0709-NST,5,NA
sagu,0708-NST,5,NA
sagu,0707-NST,5,2.5
sagu,0705-NST,5,NA
sagu,0703-NST,5,0.5
sagu,0704-NST,5,NA
sagu,0702-NST,5,NA
sagu,0701-NST,5,NA
sagu,0710-NST,5,NA
ltdu,0701-NST,5,2.5
ltdu,0713-NST,5,NA
ltdu,0708-NST,5,NA
ltdu,0707-NST,5,NA
ltdu,0702-NST,5,1
coei,07127-NST,5,3
coei,0774-NST,5,6.5
coei,0769-NST,5,3.5
coei,0768-NST,5,NA
coei,0763-NST,5,1.5
coei,07103-NST,5,2
coei,0713-NST,5,5.5
coei,07126-NST,5,NA
coei,07125-NST,5,3.5
coei,07124-NST,5,4
coei,07120-NST,5,6
coei,07119-NST,5,2.5
coei,0745-NST,5,1.5
coei,0750-NST,5,0.5
coei,0749-NST,5,1.5
coei,0738-NST,5,3.5
coei,0737-NST,5,4
coei,0735-NST,5,0.5
coei,0729-NST,5,NA
coei,0718-NST,5,NA
coei,005-NST,5,NA
coei,115-NST,5,1
arte,07279-NST,5,1
arte,07278-NST,5,NA
arte,07277-NST,5,NA
arte,07191-NST,5,1
arte,0758-NST,5,10
arte,0752-NST,5,2
arte,07276-NST,5,NA
arte,07275-NST,5,3
arte,07258-NST,5,NA
arte,07257-NST,5,0.5
arte,07243-NST,5,2
arte,07242-NST,5,NA
arte,07226-NST,5,NA
arte,07224-NST,5,1
arte,07222-NST,5,NA
arte,07219-NST,5,NA
arte,07273-NST,5,NA
arte,07272-NST,5,NA
arte,07271-NST,5,1
arte,07210-NST,5,NA
arte,07183-NST,5,NA
arte,07182-NST,5,NA
arte,07180-NST,5,0.5
arte,07178-NST,5,1
arte,07171-NST,5,NA
arte,07158-NST,5,NA
arte,07156-NST,5,2
arte,07154-NST,5,NA
arte,07152-NST,5,NA
arte,07148-NST,5,3.5
arte,07133-NST,5,NA
arte,07131-NST,5,6
arte,07129-NST,5,0.5
arte,0757-NST,5,2.5
arte,0755-NST,5,NA
arte,0718-NST,5,NA
arte,0712-NST,5,NA
arte,0709-NST,5,NA
arte,07261-NST,5,NA
arte,07201-NST,5,NA
arte,07161-NST,5,1
arte,07159-NST,5,NA
arte,07157-NST,5,0.5
arte,07144-NST,5,NA
arte,07139-NST,5,NA
arte,0730-NST,5,NA
pusa,pusa0701,5,2
ltdu,ltdu0712,5,2
coei,coei07999,5,3.5
coei,coei07998,5,5
coei,coei07997,5,7
coei,coei0794,5,3.5
coei,coei0790,5,5.5
coei,coei0702,5,1
arte,arte07998,5,1
arte,arte07997,5,NA
coei,6476,6,1
sagu,6460,6,0.8
sagu,6462,6,NA
sagu,6463,6,0.8
sagu,6464,6,NA
sagu,6469,6,NA
arte,6432,6,NA
arte,6435,6,NA
arte,6436,6,NA
arte,6437,6,NA
arte,6438,6,0.6
arte,6439,6,NA
arte,6440,6,NA
arte,6441,6,NA
arte,6442,6,NA
arte,6449,6,0.6
arte,6452,6,NA
arte,6453,6,0.6
arte,6454,6,NA
arte,6458,6,1
arte,6459,6,1.1
arte,6461,6,NA
arte,6465,6,1.3
arte,6467,6,0.8
arte,6468,6,0.4
arte,6477,6,0.5
coei,6433,6,NA
coei,6434,6,0.3
coei,6448,6,NA
coei,6450,6,NA
coei,6466,6,NA
coei,6494,6,1.2
coei,6495,6,2.1
coei,6496,6,0.9
coei,6497,6,1.2
coei,6499,6,NA
coei,6500,6,NA
coei,6501,6,0.6
coei,6503,6,1.1
coei,6504,6,0.4
rand,1126,6,4
rand,1121,6,1.5
rand,1116,6,1
rand,1111,6,NA
rand,1106,6,0.5
rand,1101,6,4
rand,1096,6,4.5
rand,1091,6,2.5
rand,1086,6,4
rand,1081,6,4
rand,1076,6,3
rand,1071,6,2.5
rand,1066,6,1
rand,1061,6,NA
rand,1056,6,2
rand,1050,6,3
rand,1045,6,3
rand,1040,6,2.5
rand,1035,6,4.5
rand,1030,6,6
rand,1025,6,7.5
rand,1020,6,1.5
rand,1015,6,NA
rand,1010,6,NA
rand,1004,6,1
rand,46-NST,6,1
rand,45-NST,6,4
rand,44-NST,6,3.5
rand,43-NST,6,NA
rand,42-NST,6,5
rand,41-NST,6,2
rand,40-NST,6,3.5
rand,39-NST,6,4
rand,38-NST,6,2.5
rand,37-NST,6,3
rand,36-NST,6,4
rand,35-NST,6,2.5
rand,34-NST,6,3
rand,33-NST,6,6
rand,32-NST,6,2
rand,31-NST,6,1.5
rand,30-NST,6,3
rand,29-NST,6,6
rand,28-NST,6,3
rand,27-NST,6,2.5
rand,26-NST,6,4
rand,20-NST,6,1
rand,19-NST,6,NA
rand,18-NST,6,NA
rand,17-NST,6,NA
rand,16-NST,6,6
rand,15-NST,6,NA
rand,14-NST,6,1.5
rand,13-NST,6,2.5
rand,12-NST,6,NA
rand,11-NST,6,2
rand,10-NST,6,3
rand,9-NST,6,4.5
rand,8-NST,6,NA
rand,7-NST,6,5
rand,6-NST,6,4
rand,5-NST,6,3
rand,4-NST,6,0.5
rand,3-NST,6,1.5
rand,2-NST,6,3.5
rand,1-NST,6,3
rand,P1210832,6,NA
rand,P1210827,6,NA
rand,P1210821,6,2.5
rand,P1210816,6,NA
rand,P1210811,6,NA
rand,P1210806,6,NA
rand,P1210801,6,NA
rand,P1210796,6,NA
rand,P1210790,6,7
rand,P1210785,6,4
rand,P1210773,6,4
rand,P1210763,6,3.5
rand,P1210758,6,5
rand,P1210753,6,NA
rand,P1210748,6,3
rand,P1210743,6,NA
rand,P1210735,6,3
rand,P1210729,6,NA
rand,P1210724,6,4
rand,P1210719,6,4
rand,P1210714,6,1.5
rand,P1210708,6,3
rand,P1210700,6,6
rand,P1210695,6,3
rand,P1210690,6,1.5
rand,P1210685,6,1
rand,P1210680,6,1.5
rand,P1210675,6,5
rand,P1210670,6,4.5
rand,P1210665,6,1
sagu,0716-NST,6,NA
sagu,0715-NST,6,1.5
sagu,0714-NST,6,NA
sagu,0713-NST,6,NA
sagu,0712-NST,6,NA
sagu,0711-NST,6,NA
sagu,0709-NST,6,NA
sagu,0708-NST,6,NA
sagu,0707-NST,6,4.5
sagu,0705-NST,6,NA
sagu,0703-NST,6,5
sagu,0704-NST,6,NA
sagu,0702-NST,6,NA
sagu,0701-NST,6,NA
sagu,0710-NST,6,NA
ltdu,0701-NST,6,2
ltdu,0713-NST,6,NA
ltdu,0708-NST,6,NA
ltdu,0707-NST,6,NA
ltdu,0702-NST,6,2.5
coei,07127-NST,6,3.5
coei,0774-NST,6,4
coei,0769-NST,6,2.5
coei,0768-NST,6,NA
coei,0763-NST,6,4.5
coei,07103-NST,6,1
coei,0713-NST,6,4.5
coei,07126-NST,6,NA
coei,07125-NST,6,3
coei,07124-NST,6,5
coei,07120-NST,6,4
coei,07119-NST,6,1.5
coei,0745-NST,6,0.5
coei,0750-NST,6,3
coei,0749-NST,6,3.5
coei,0738-NST,6,2.5
coei,0737-NST,6,3
coei,0735-NST,6,3
coei,0729-NST,6,NA
coei,0718-NST,6,NA
coei,005-NST,6,NA
coei,115-NST,6,1.5
arte,07279-NST,6,2
arte,07278-NST,6,NA
arte,07277-NST,6,NA
arte,07191-NST,6,4
arte,0758-NST,6,2.5
arte,0752-NST,6,1
arte,07276-NST,6,NA
arte,07275-NST,6,4
arte,07258-NST,6,NA
arte,07257-NST,6,0.5
arte,07243-NST,6,0.5
arte,07242-NST,6,NA
arte,07226-NST,6,NA
arte,07224-NST,6,1
arte,07222-NST,6,NA
arte,07219-NST,6,NA
arte,07273-NST,6,NA
arte,07272-NST,6,NA
arte,07271-NST,6,3.5
arte,07210-NST,6,NA
arte,07183-NST,6,NA
arte,07182-NST,6,NA
arte,07180-NST,6,4
arte,07178-NST,6,1.5
arte,07171-NST,6,NA
arte,07158-NST,6,NA
arte,07156-NST,6,2
arte,07154-NST,6,NA
arte,07152-NST,6,NA
arte,07148-NST,6,4
arte,07133-NST,6,NA
arte,07131-NST,6,2.5
arte,07129-NST,6,4
arte,0757-NST,6,3.5
arte,0755-NST,6,NA
arte,0718-NST,6,NA
arte,0712-NST,6,NA
arte,0709-NST,6,NA
arte,07261-NST,6,NA
arte,07201-NST,6,NA
arte,07161-NST,6,1
arte,07159-NST,6,NA
arte,07157-NST,6,4
arte,07144-NST,6,NA
arte,07139-NST,6,NA
arte,0730-NST,6,NA
pusa,pusa0701,6,1
ltdu,ltdu0712,6,0.5
coei,coei07999,6,4
coei,coei07998,6,3.5
coei,coei07997,6,1
coei,coei0794,6,1.5
coei,coei0790,6,6
coei,coei0702,6,1.5
arte,arte07998,6,6
arte,arte07997,6,NA
coei,6476,7,1.2
sagu,6460,7,0.7
sagu,6462,7,NA
sagu,6463,7,1
sagu,6464,7,NA
sagu,6469,7,NA
arte,6432,7,NA
arte,6435,7,NA
arte,6436,7,NA
arte,6437,7,NA
arte,6438,7,NA
arte,6439,7,NA
arte,6440,7,NA
arte,6441,7,NA
arte,6442,7,NA
arte,6449,7,0.2
arte,6452,7,NA
arte,6453,7,0.2
arte,6454,7,NA
arte,6458,7,0.2
arte,6459,7,0.4
arte,6461,7,NA
arte,6465,7,0.6
arte,6467,7,0.5
arte,6468,7,0.6
arte,6477,7,0.5
coei,6433,7,NA
coei,6434,7,0.3
coei,6448,7,NA
coei,6450,7,NA
coei,6466,7,NA
coei,6494,7,1
coei,6495,7,1.1
coei,6496,7,1
coei,6497,7,1.1
coei,6499,7,NA
coei,6500,7,NA
coei,6501,7,1
coei,6503,7,1.2
coei,6504,7,1.8
rand,1126,7,8
rand,1121,7,6
rand,1116,7,1.5
rand,1111,7,NA
rand,1106,7,0.5
rand,1101,7,3.5
rand,1096,7,3.5
rand,1091,7,1
rand,1086,7,3.5
rand,1081,7,2.5
rand,1076,7,1
rand,1071,7,1.5
rand,1066,7,3.5
rand,1061,7,NA
rand,1056,7,7
rand,1050,7,1
rand,1045,7,1
rand,1040,7,5
rand,1035,7,2.5
rand,1030,7,3.5
rand,1025,7,4
rand,1020,7,2
rand,1015,7,NA
rand,1010,7,NA
rand,1004,7,3
rand,46-NST,7,1
rand,45-NST,7,3
rand,44-NST,7,3
rand,43-NST,7,NA
rand,42-NST,7,3
rand,41-NST,7,2.5
rand,40-NST,7,4
rand,39-NST,7,5
rand,38-NST,7,7
rand,37-NST,7,4
rand,36-NST,7,1
rand,35-NST,7,1
rand,34-NST,7,1.5
rand,33-NST,7,0.5
rand,32-NST,7,8
rand,31-NST,7,1
rand,30-NST,7,1
rand,29-NST,7,2.5
rand,28-NST,7,7
rand,27-NST,7,4.5
rand,26-NST,7,2.5
rand,20-NST,7,2.5
rand,19-NST,7,NA
rand,18-NST,7,NA
rand,17-NST,7,NA
rand,16-NST,7,4
rand,15-NST,7,NA
rand,14-NST,7,2
rand,13-NST,7,4.5
rand,12-NST,7,NA
rand,11-NST,7,2
rand,10-NST,7,5
rand,9-NST,7,6
rand,8-NST,7,NA
rand,7-NST,7,4
rand,6-NST,7,1
rand,5-NST,7,2
rand,4-NST,7,2.5
rand,3-NST,7,5
rand,2-NST,7,4
rand,1-NST,7,2.5
rand,P1210832,7,NA
rand,P1210827,7,NA
rand,P1210821,7,5
rand,P1210816,7,NA
rand,P1210811,7,NA
rand,P1210806,7,NA
rand,P1210801,7,NA
rand,P1210796,7,NA
rand,P1210790,7,5
rand,P1210785,7,2
rand,P1210773,7,4
rand,P1210763,7,2
rand,P1210758,7,3
rand,P1210753,7,NA
rand,P1210748,7,4
rand,P1210743,7,NA
rand,P1210735,7,3
rand,P1210729,7,NA
rand,P1210724,7,3
rand,P1210719,7,2.5
rand,P1210714,7,1
rand,P1210708,7,2.5
rand,P1210700,7,4.5
rand,P1210695,7,2.5
rand,P1210690,7,2.5
rand,P1210685,7,3
rand,P1210680,7,1
rand,P1210675,7,5
rand,P1210670,7,1.5
rand,P1210665,7,1
sagu,0716-NST,7,NA
sagu,0715-NST,7,0.5
sagu,0714-NST,7,NA
sagu,0713-NST,7,NA
sagu,0712-NST,7,NA
sagu,0711-NST,7,NA
sagu,0709-NST,7,NA
sagu,0708-NST,7,NA
sagu,0707-NST,7,3.5
sagu,0705-NST,7,NA
sagu,0703-NST,7,2
sagu,0704-NST,7,NA
sagu,0702-NST,7,NA
sagu,0701-NST,7,NA
sagu,0710-NST,7,NA
ltdu,0701-NST,7,1
ltdu,0713-NST,7,NA
ltdu,0708-NST,7,NA
ltdu,0707-NST,7,NA
ltdu,0702-NST,7,2
coei,07127-NST,7,3.5
coei,0774-NST,7,2.5
coei,0769-NST,7,1
coei,0768-NST,7,NA
coei,0763-NST,7,4
coei,07103-NST,7,0.5
coei,0713-NST,7,5
coei,07126-NST,7,NA
coei,07125-NST,7,4.5
coei,07124-NST,7,1.5
coei,07120-NST,7,3.5
coei,07119-NST,7,0.5
coei,0745-NST,7,3.5
coei,0750-NST,7,4
coei,0749-NST,7,2.5
coei,0738-NST,7,1.5
coei,0737-NST,7,6
coei,0735-NST,7,4
coei,0729-NST,7,NA
coei,0718-NST,7,NA
coei,005-NST,7,NA
coei,115-NST,7,2
arte,07279-NST,7,2.5
arte,07278-NST,7,NA
arte,07277-NST,7,NA
arte,07191-NST,7,1
arte,0758-NST,7,2
arte,0752-NST,7,2
arte,07276-NST,7,NA
arte,07275-NST,7,2
arte,07258-NST,7,NA
arte,07257-NST,7,1
arte,07243-NST,7,1
arte,07242-NST,7,NA
arte,07226-NST,7,NA
arte,07224-NST,7,1.5
arte,07222-NST,7,NA
arte,07219-NST,7,NA
arte,07273-NST,7,NA
arte,07272-NST,7,NA
arte,07271-NST,7,1
arte,07210-NST,7,NA
arte,07183-NST,7,NA
arte,07182-NST,7,NA
arte,07180-NST,7,2
arte,07178-NST,7,5
arte,07171-NST,7,NA
arte,07158-NST,7,NA
arte,07156-NST,7,0.5
arte,07154-NST,7,NA
arte,07152-NST,7,NA
arte,07148-NST,7,4.5
arte,07133-NST,7,NA
arte,07131-NST,7,7
arte,07129-NST,7,6.5
arte,0757-NST,7,1.5
arte,0755-NST,7,NA
arte,0718-NST,7,NA
arte,0712-NST,7,NA
arte,0709-NST,7,NA
arte,07261-NST,7,NA
arte,07201-NST,7,NA
arte,07161-NST,7,2
arte,07159-NST,7,NA
arte,07157-NST,7,1
arte,07144-NST,7,NA
arte,07139-NST,7,NA
arte,0730-NST,7,NA
pusa,pusa0701,7,1.5
ltdu,ltdu0712,7,1
coei,coei07999,7,5.5
coei,coei07998,7,2.5
coei,coei07997,7,4
coei,coei0794,7,1.5
coei,coei0790,7,1.5
coei,coei0702,7,2.5
arte,arte07998,7,4
arte,arte07997,7,NA
coei,6476,8,0.8
sagu,6460,8,1.2
sagu,6462,8,NA
sagu,6463,8,0.5
sagu,6464,8,NA
sagu,6469,8,NA
arte,6432,8,NA
arte,6435,8,NA
arte,6436,8,NA
arte,6437,8,NA
arte,6438,8,NA
arte,6439,8,NA
arte,6440,8,NA
arte,6441,8,NA
arte,6442,8,NA
arte,6449,8,0.7
arte,6452,8,NA
arte,6453,8,0.4
arte,6454,8,NA
arte,6458,8,0.5
arte,6459,8,0.3
arte,6461,8,NA
arte,6465,8,0.6
arte,6467,8,0.9
arte,6468,8,0.7
arte,6477,8,1.1
coei,6433,8,NA
coei,6434,8,0.6
coei,6448,8,NA
coei,6450,8,NA
coei,6466,8,NA
coei,6494,8,0.6
coei,6495,8,0.5
coei,6496,8,0.1
coei,6497,8,NA
coei,6499,8,NA
coei,6500,8,NA
coei,6501,8,1.2
coei,6503,8,1
coei,6504,8,1.7
rand,1126,8,4.5
rand,1121,8,1
rand,1116,8,2
rand,1111,8,NA
rand,1106,8,1
rand,1101,8,3.5
rand,1096,8,2.5
rand,1091,8,2
rand,1086,8,14
rand,1081,8,5
rand,1076,8,2
rand,1071,8,0.5
rand,1066,8,1.5
rand,1061,8,NA
rand,1056,8,1.5
rand,1050,8,2
rand,1045,8,2.5
rand,1040,8,4
rand,1035,8,5
rand,1030,8,4
rand,1025,8,10
rand,1020,8,2
rand,1015,8,NA
rand,1010,8,NA
rand,1004,8,3
rand,46-NST,8,2
rand,45-NST,8,2.5
rand,44-NST,8,6
rand,43-NST,8,NA
rand,42-NST,8,2.5
rand,41-NST,8,1
rand,40-NST,8,3.5
rand,39-NST,8,3
rand,38-NST,8,2
rand,37-NST,8,2.5
rand,36-NST,8,2
rand,35-NST,8,1
rand,34-NST,8,6.5
rand,33-NST,8,3
rand,32-NST,8,4
rand,31-NST,8,3
rand,30-NST,8,6
rand,29-NST,8,6.5
rand,28-NST,8,6
rand,27-NST,8,4
rand,26-NST,8,1
rand,20-NST,8,5.5
rand,19-NST,8,NA
rand,18-NST,8,NA
rand,17-NST,8,NA
rand,16-NST,8,3.5
rand,15-NST,8,NA
rand,14-NST,8,3
rand,13-NST,8,3
rand,12-NST,8,NA
rand,11-NST,8,3.5
rand,10-NST,8,1.5
rand,9-NST,8,2.5
rand,8-NST,8,NA
rand,7-NST,8,3.5
rand,6-NST,8,1.5
rand,5-NST,8,1
rand,4-NST,8,1.5
rand,3-NST,8,4.5
rand,2-NST,8,1.5
rand,1-NST,8,2.5
rand,P1210832,8,NA
rand,P1210827,8,NA
rand,P1210821,8,3.5
rand,P1210816,8,NA
rand,P1210811,8,NA
rand,P1210806,8,NA
rand,P1210801,8,NA
rand,P1210796,8,NA
rand,P1210790,8,3
rand,P1210785,8,2
rand,P1210773,8,5.5
rand,P1210763,8,2
rand,P1210758,8,2.5
rand,P1210753,8,NA
rand,P1210748,8,7
rand,P1210743,8,NA
rand,P1210735,8,2
rand,P1210729,8,NA
rand,P1210724,8,3.5
rand,P1210719,8,1.5
rand,P1210714,8,3.5
rand,P1210708,8,5
rand,P1210700,8,4
rand,P1210695,8,3.5
rand,P1210690,8,3
rand,P1210685,8,1.5
rand,P1210680,8,1
rand,P1210675,8,5.5
rand,P1210670,8,2
rand,P1210665,8,0.5
sagu,0716-NST,8,NA
sagu,0715-NST,8,2
sagu,0714-NST,8,NA
sagu,0713-NST,8,NA
sagu,0712-NST,8,NA
sagu,0711-NST,8,NA
sagu,0709-NST,8,NA
sagu,0708-NST,8,NA
sagu,0707-NST,8,4
sagu,0705-NST,8,NA
sagu,0703-NST,8,3
sagu,0704-NST,8,NA
sagu,0702-NST,8,NA
sagu,0701-NST,8,NA
sagu,0710-NST,8,NA
ltdu,0701-NST,8,1
ltdu,0713-NST,8,NA
ltdu,0708-NST,8,NA
ltdu,0707-NST,8,NA
ltdu,0702-NST,8,1.5
coei,07127-NST,8,2.5
coei,0774-NST,8,9.5
coei,0769-NST,8,1.5
coei,0768-NST,8,NA
coei,0763-NST,8,3.5
coei,07103-NST,8,0.5
coei,0713-NST,8,4
coei,07126-NST,8,NA
coei,07125-NST,8,0.5
coei,07124-NST,8,0.5
coei,07120-NST,8,1
coei,07119-NST,8,0.5
coei,0745-NST,8,6
coei,0750-NST,8,2.5
coei,0749-NST,8,2
coei,0738-NST,8,1
coei,0737-NST,8,4
coei,0735-NST,8,2.5
coei,0729-NST,8,NA
coei,0718-NST,8,NA
coei,005-NST,8,NA
coei,115-NST,8,0.5
arte,07279-NST,8,1.5
arte,07278-NST,8,NA
arte,07277-NST,8,NA
arte,07191-NST,8,2.5
arte,0758-NST,8,3
arte,0752-NST,8,4
arte,07276-NST,8,NA
arte,07275-NST,8,1.5
arte,07258-NST,8,NA
arte,07257-NST,8,2
arte,07243-NST,8,0.5
arte,07242-NST,8,NA
arte,07226-NST,8,NA
arte,07224-NST,8,2
arte,07222-NST,8,NA
arte,07219-NST,8,NA
arte,07273-NST,8,NA
arte,07272-NST,8,NA
arte,07271-NST,8,0.5
arte,07210-NST,8,NA
arte,07183-NST,8,NA
arte,07182-NST,8,NA
arte,07180-NST,8,3.5
arte,07178-NST,8,2
arte,07171-NST,8,NA
arte,07158-NST,8,NA
arte,07156-NST,8,0.5
arte,07154-NST,8,NA
arte,07152-NST,8,NA
arte,07148-NST,8,5
arte,07133-NST,8,NA
arte,07131-NST,8,8.5
arte,07129-NST,8,2.5
arte,0757-NST,8,2
arte,0755-NST,8,NA
arte,0718-NST,8,NA
arte,0712-NST,8,NA
arte,0709-NST,8,NA
arte,07261-NST,8,NA
arte,07201-NST,8,NA
arte,07161-NST,8,2.5
arte,07159-NST,8,NA
arte,07157-NST,8,0.5
arte,07144-NST,8,NA
arte,07139-NST,8,NA
arte,0730-NST,8,NA
pusa,pusa0701,8,1
ltdu,ltdu0712,8,1
coei,coei07999,8,2.5
coei,coei07998,8,8
coei,coei07997,8,5
coei,coei0794,8,1
coei,coei0790,8,1
coei,coei0702,8,2
arte,arte07998,8,2
arte,arte07997,8,NA
coei,6476,9,1
sagu,6460,9,0.6
sagu,6462,9,NA
sagu,6463,9,0.3
sagu,6464,9,NA
sagu,6469,9,NA
arte,6432,9,NA
arte,6435,9,NA
arte,6436,9,NA
arte,6437,9,NA
arte,6438,9,NA
arte,6439,9,NA
arte,6440,9,NA
arte,6441,9,NA
arte,6442,9,NA
arte,6449,9,1
arte,6452,9,NA
arte,6453,9,0.3
arte,6454,9,NA
arte,6458,9,1
arte,6459,9,0.5
arte,6461,9,NA
arte,6465,9,0.7
arte,6467,9,1.7
arte,6468,9,0.3
arte,6477,9,0.5
coei,6433,9,NA
coei,6434,9,0.7
coei,6448,9,NA
coei,6450,9,NA
coei,6466,9,NA
coei,6494,9,0.7
coei,6495,9,0.6
coei,6496,9,0.2
coei,6497,9,NA
coei,6499,9,NA
coei,6500,9,NA
coei,6501,9,0.7
coei,6503,9,0.8
coei,6504,9,0.7
rand,1126,9,5
rand,1121,9,0.2
rand,1116,9,1
rand,1111,9,NA
rand,1106,9,1.5
rand,1101,9,5
rand,1096,9,5
rand,1091,9,3
rand,1086,9,0.5
rand,1081,9,2.5
rand,1076,9,3
rand,1071,9,2
rand,1066,9,1.5
rand,1061,9,NA
rand,1056,9,0.5
rand,1050,9,1.5
rand,1045,9,6
rand,1040,9,2.5
rand,1035,9,3.5
rand,1030,9,2.5
rand,1025,9,5
rand,1020,9,2.5
rand,1015,9,NA
rand,1010,9,NA
rand,1004,9,2
rand,46-NST,9,2.5
rand,45-NST,9,3.5
rand,44-NST,9,2
rand,43-NST,9,NA
rand,42-NST,9,6
rand,41-NST,9,4
rand,40-NST,9,4.5
rand,39-NST,9,2.5
rand,38-NST,9,6
rand,37-NST,9,3.5
rand,36-NST,9,0.5
rand,35-NST,9,1.5
rand,34-NST,9,0.5
rand,33-NST,9,3.5
rand,32-NST,9,2
rand,31-NST,9,2
rand,30-NST,9,2.5
rand,29-NST,9,3.5
rand,28-NST,9,4.5
rand,27-NST,9,4
rand,26-NST,9,1
rand,20-NST,9,3
rand,19-NST,9,NA
rand,18-NST,9,NA
rand,17-NST,9,NA
rand,16-NST,9,2
rand,15-NST,9,NA
rand,14-NST,9,1.5
rand,13-NST,9,2
rand,12-NST,9,NA
rand,11-NST,9,3
rand,10-NST,9,2.5
rand,9-NST,9,3
rand,8-NST,9,NA
rand,7-NST,9,2
rand,6-NST,9,4
rand,5-NST,9,4
rand,4-NST,9,3
rand,3-NST,9,6
rand,2-NST,9,5
rand,1-NST,9,2.5
rand,P1210832,9,NA
rand,P1210827,9,NA
rand,P1210821,9,0.5
rand,P1210816,9,NA
rand,P1210811,9,NA
rand,P1210806,9,NA
rand,P1210801,9,NA
rand,P1210796,9,NA
rand,P1210790,9,1
rand,P1210785,9,1
rand,P1210773,9,3.5
rand,P1210763,9,1.5
rand,P1210758,9,2
rand,P1210753,9,NA
rand,P1210748,9,5
rand,P1210743,9,NA
rand,P1210735,9,4.5
rand,P1210729,9,NA
rand,P1210724,9,2.5
rand,P1210719,9,3
rand,P1210714,9,2.5
rand,P1210708,9,3
rand,P1210700,9,1
rand,P1210695,9,1.5
rand,P1210690,9,2.5
rand,P1210685,9,0.5
rand,P1210680,9,0.5
rand,P1210675,9,6
rand,P1210670,9,3
rand,P1210665,9,2.5
sagu,0716-NST,9,NA
sagu,0715-NST,9,1
sagu,0714-NST,9,NA
sagu,0713-NST,9,NA
sagu,0712-NST,9,NA
sagu,0711-NST,9,NA
sagu,0709-NST,9,NA
sagu,0708-NST,9,NA
sagu,0707-NST,9,5.5
sagu,0705-NST,9,NA
sagu,0703-NST,9,3.5
sagu,0704-NST,9,NA
sagu,0702-NST,9,NA
sagu,0701-NST,9,NA
sagu,0710-NST,9,NA
ltdu,0701-NST,9,1
ltdu,0713-NST,9,NA
ltdu,0708-NST,9,NA
ltdu,0707-NST,9,NA
ltdu,0702-NST,9,5
coei,07127-NST,9,1
coei,0774-NST,9,1
coei,0769-NST,9,0.5
coei,0768-NST,9,NA
coei,0763-NST,9,3
coei,07103-NST,9,0.5
coei,0713-NST,9,3.5
coei,07126-NST,9,NA
coei,07125-NST,9,2
coei,07124-NST,9,2
coei,07120-NST,9,5.5
coei,07119-NST,9,1
coei,0745-NST,9,0.5
coei,0750-NST,9,2
coei,0749-NST,9,1
coei,0738-NST,9,2
coei,0737-NST,9,4.5
coei,0735-NST,9,3
coei,0729-NST,9,NA
coei,0718-NST,9,NA
coei,005-NST,9,NA
coei,115-NST,9,0.5
arte,07279-NST,9,0.5
arte,07278-NST,9,NA
arte,07277-NST,9,NA
arte,07191-NST,9,2.5
arte,0758-NST,9,4.5
arte,0752-NST,9,2.5
arte,07276-NST,9,NA
arte,07275-NST,9,3
arte,07258-NST,9,NA
arte,07257-NST,9,1
arte,07243-NST,9,1
arte,07242-NST,9,NA
arte,07226-NST,9,NA
arte,07224-NST,9,2
arte,07222-NST,9,NA
arte,07219-NST,9,NA
arte,07273-NST,9,NA
arte,07272-NST,9,NA
arte,07271-NST,9,2.5
arte,07210-NST,9,NA
arte,07183-NST,9,NA
arte,07182-NST,9,NA
arte,07180-NST,9,4
arte,07178-NST,9,2
arte,07171-NST,9,NA
arte,07158-NST,9,NA
arte,07156-NST,9,1
arte,07154-NST,9,NA
arte,07152-NST,9,NA
arte,07148-NST,9,1
arte,07133-NST,9,NA
arte,07131-NST,9,6
arte,07129-NST,9,3.5
arte,0757-NST,9,2
arte,0755-NST,9,NA
arte,0718-NST,9,NA
arte,0712-NST,9,NA
arte,0709-NST,9,NA
arte,07261-NST,9,NA
arte,07201-NST,9,NA
arte,07161-NST,9,0.5
arte,07159-NST,9,NA
arte,07157-NST,9,0.5
arte,07144-NST,9,NA
arte,07139-NST,9,NA
arte,0730-NST,9,NA
pusa,pusa0701,9,0.5
ltdu,ltdu0712,9,3
coei,coei07999,9,2.5
coei,coei07998,9,1.5
coei,coei07997,9,4.5
coei,coei0794,9,4.5
coei,coei0790,9,3.5
coei,coei0702,9,0.5
arte,arte07998,9,3.5
arte,arte07997,9,NA
coei,6476,10,2
sagu,6460,10,1.3
sagu,6462,10,NA
sagu,6463,10,0.2
sagu,6464,10,NA
sagu,6469,10,NA
arte,6432,10,NA
arte,6435,10,NA
arte,6436,10,NA
arte,6437,10,NA
arte,6438,10,NA
arte,6439,10,NA
arte,6440,10,NA
arte,6441,10,NA
arte,6442,10,NA
arte,6449,10,1
arte,6452,10,NA
arte,6453,10,1.1
arte,6454,10,NA
arte,6458,10,0.6
arte,6459,10,0.5
arte,6461,10,NA
arte,6465,10,1.1
arte,6467,10,0.8
arte,6468,10,0.8
arte,6477,10,0.3
coei,6433,10,NA
coei,6434,10,0.5
coei,6448,10,NA
coei,6450,10,NA
coei,6466,10,NA
coei,6494,10,0.5
coei,6495,10,1
coei,6496,10,0.3
coei,6497,10,NA
coei,6499,10,NA
coei,6500,10,NA
coei,6501,10,0.8
coei,6503,10,2
coei,6504,10,1.2
rand,1126,10,4
rand,1121,10,1
rand,1116,10,0.5
rand,1111,10,NA
rand,1106,10,3
rand,1101,10,3
rand,1096,10,5.5
rand,1091,10,2.5
rand,1086,10,3
rand,1081,10,4
rand,1076,10,2.5
rand,1071,10,3
rand,1066,10,4
rand,1061,10,NA
rand,1056,10,2
rand,1050,10,3
rand,1045,10,1.5
rand,1040,10,2.5
rand,1035,10,2
rand,1030,10,4.5
rand,1025,10,3.5
rand,1020,10,5
rand,1015,10,NA
rand,1010,10,NA
rand,1004,10,1.5
rand,46-NST,10,1
rand,45-NST,10,5.5
rand,44-NST,10,1
rand,43-NST,10,NA
rand,42-NST,10,2
rand,41-NST,10,3
rand,40-NST,10,2.5
rand,39-NST,10,1
rand,38-NST,10,3.5
rand,37-NST,10,5.5
rand,36-NST,10,2
rand,35-NST,10,3
rand,34-NST,10,3.5
rand,33-NST,10,5
rand,32-NST,10,1
rand,31-NST,10,0.5
rand,30-NST,10,4
rand,29-NST,10,4.5
rand,28-NST,10,5
rand,27-NST,10,2
rand,26-NST,10,4.5
rand,20-NST,10,3
rand,19-NST,10,NA
rand,18-NST,10,NA
rand,17-NST,10,NA
rand,16-NST,10,4.5
rand,15-NST,10,NA
rand,14-NST,10,1
rand,13-NST,10,1
rand,12-NST,10,NA
rand,11-NST,10,6.5
rand,10-NST,10,4
rand,9-NST,10,4.5
rand,8-NST,10,NA
rand,7-NST,10,2.5
rand,6-NST,10,4.5
rand,5-NST,10,0.5
rand,4-NST,10,2
rand,3-NST,10,1.5
rand,2-NST,10,5.5
rand,1-NST,10,1
rand,P1210832,10,NA
rand,P1210827,10,NA
rand,P1210821,10,2
rand,P1210816,10,NA
rand,P1210811,10,NA
rand,P1210806,10,NA
rand,P1210801,10,NA
rand,P1210796,10,NA
rand,P1210790,10,2
rand,P1210785,10,3.5
rand,P1210773,10,4
rand,P1210763,10,5
rand,P1210758,10,4.5
rand,P1210753,10,NA
rand,P1210748,10,3.5
rand,P1210743,10,NA
rand,P1210735,10,3
rand,P1210729,10,NA
rand,P1210724,10,3
rand,P1210719,10,5
rand,P1210714,10,3
rand,P1210708,10,2.5
rand,P1210700,10,3
rand,P1210695,10,1
rand,P1210690,10,0.5
rand,P1210685,10,2
rand,P1210680,10,1.5
rand,P1210675,10,4.5
rand,P1210670,10,4
rand,P1210665,10,2
sagu,0716-NST,10,NA
sagu,0715-NST,10,1.5
sagu,0714-NST,10,NA
sagu,0713-NST,10,NA
sagu,0712-NST,10,NA
sagu,0711-NST,10,NA
sagu,0709-NST,10,NA
sagu,0708-NST,10,NA
sagu,0707-NST,10,3
sagu,0705-NST,10,NA
sagu,0703-NST,10,2.5
sagu,0704-NST,10,NA
sagu,0702-NST,10,NA
sagu,0701-NST,10,NA
sagu,0710-NST,10,NA
ltdu,0701-NST,10,0.5
ltdu,0713-NST,10,NA
ltdu,0708-NST,10,NA
ltdu,0707-NST,10,NA
ltdu,0702-NST,10,4
coei,07127-NST,10,0.5
coei,0774-NST,10,1.5
coei,0769-NST,10,4
coei,0768-NST,10,NA
coei,0763-NST,10,2
coei,07103-NST,10,4
coei,0713-NST,10,1
coei,07126-NST,10,NA
coei,07125-NST,10,1.5
coei,07124-NST,10,1.5
coei,07120-NST,10,7
coei,07119-NST,10,3
coei,0745-NST,10,5
coei,0750-NST,10,4
coei,0749-NST,10,2
coei,0738-NST,10,5
coei,0737-NST,10,2.5
coei,0735-NST,10,3.5
coei,0729-NST,10,NA
coei,0718-NST,10,NA
coei,005-NST,10,NA
coei,115-NST,10,2
arte,07279-NST,10,3
arte,07278-NST,10,NA
arte,07277-NST,10,NA
arte,07191-NST,10,3
arte,0758-NST,10,0.5
arte,0752-NST,10,3
arte,07276-NST,10,NA
arte,07275-NST,10,1.5
arte,07258-NST,10,NA
arte,07257-NST,10,2.5
arte,07243-NST,10,4
arte,07242-NST,10,NA
arte,07226-NST,10,NA
arte,07224-NST,10,2
arte,07222-NST,10,NA
arte,07219-NST,10,NA
arte,07273-NST,10,NA
arte,07272-NST,10,NA
arte,07271-NST,10,2
arte,07210-NST,10,NA
arte,07183-NST,10,NA
arte,07182-NST,10,NA
arte,07180-NST,10,5
arte,07178-NST,10,3
arte,07171-NST,10,NA
arte,07158-NST,10,NA
arte,07156-NST,10,3
arte,07154-NST,10,NA
arte,07152-NST,10,NA
arte,07148-NST,10,0.5
arte,07133-NST,10,NA
arte,07131-NST,10,5
arte,07129-NST,10,4
arte,0757-NST,10,4.5
arte,0755-NST,10,NA
arte,0718-NST,10,NA
arte,0712-NST,10,NA
arte,0709-NST,10,NA
arte,07261-NST,10,NA
arte,07201-NST,10,NA
arte,07161-NST,10,1
arte,07159-NST,10,NA
arte,07157-NST,10,0.5
arte,07144-NST,10,NA
arte,07139-NST,10,NA
arte,0730-NST,10,NA
pusa,pusa0701,10,3
ltdu,ltdu0712,10,1
coei,coei07999,10,3
coei,coei07998,10,2.5
coei,coei07997,10,2
coei,coei0794,10,0.5
coei,coei0790,10,0.5
coei,coei0702,10,1
arte,arte07998,10,0.5
arte,arte07997,10,NA
